Time (s) Run #1,Position (m) Run #1,Velocity (m/s) Run #1,Acceleration (m/s²) Run #1,Time (s) Run #2,Position (m) Run #2,Velocity (m/s) Run #2,Acceleration (m/s²) Run #2,Time (s) Run #3,Position (m) Run #3,Velocity (m/s) Run #3,Acceleration (m/s²) Run #3,Time (s) Run #4,Position (m) Run #4,Velocity (m/s) Run #4,Acceleration (m/s²) Run #4,Time (s) Run #5,Position (m) Run #5,Velocity (m/s) Run #5,Acceleration (m/s²) Run #5,Time (s) Run #6,Position (m) Run #6,Velocity (m/s) Run #6,Acceleration (m/s²) Run #6,Time (s) Run #7,Position (m) Run #7,Velocity (m/s) Run #7,Acceleration (m/s²) Run #7,Time (s) Run #8,Position (m) Run #8,Velocity (m/s) Run #8,Acceleration (m/s²) Run #8,Time (s) Run #9,Position (m) Run #9,Velocity (m/s) Run #9,Acceleration (m/s²) Run #9,Time (s) Run #10,Position (m) Run #10,Velocity (m/s) Run #10,Acceleration (m/s²) Run #10
0.0,1.54,,,,,,,,,,,,,,,,,,,,,,,,,,,,,,,,,,,,,,
0.02,1.54,0.0,,,,,,,,,,,,,,,,,,,,,,,,,,,,,,,,,,,,,
0.04,1.54,0.0,0.01,,,,,,,,,,,,,,,,,,,,,,,,,,,,,,,,,,,,
0.06,1.54,0.00032,-0.03,,,,,,,,,,,,,,,,,,,,,,,,,,,,,,,,,,,,
0.08,1.54,0.0,-0.05,,,,,,,,,,,,,,,,,,,,,,,,,,,,,,,,,,,,
0.1,1.54,0.0,-0.04,,,,,,,,,,,,,,,,,,,,,,,,,,,,,,,,,,,,
0.12,1.53,0.0,-0.01,,,,,,,,,,,,,,,,,,,,,,,,,,,,,,,,,,,,
0.14,1.53,0.0,-0.01,,,,,,,,,,,,,,,,,,,,,,,,,,,,,,,,,,,,
0.16,1.53,0.0,-0.02,,,,,,,,,,,,,,,,,,,,,,,,,,,,,,,,,,,,
0.18,1.53,0.0,-0.03,,,,,,,,,,,,,,,,,,,,,,,,,,,,,,,,,,,,
0.2,1.53,0.0,-0.02,,,,,,,,,,,,,,,,,,,,,,,,,,,,,,,,,,,,
0.22,1.53,0.0,0.01,,,,,,,,,,,,,,,,,,,,,,,,,,,,,,,,,,,,
0.24,1.53,0.0,0.03,,,,,,,,,,,,,,,,,,,,,,,,,,,,,,,,,,,,
0.26,1.53,0.0,0.06,,,,,,,,,,,,,,,,,,,,,,,,,,,,,,,,,,,,
0.28,1.53,0.0,0.06,,,,,,,,,,,,,,,,,,,,,,,,,,,,,,,,,,,,
0.3,1.53,0.00032,0.01,,,,,,,,,,,,,,,,,,,,,,,,,,,,,,,,,,,,
0.32,1.53,0.0,-0.05,,,,,,,,,,,,,,,,,,,,,,,,,,,,,,,,,,,,
0.34,1.53,0.0,-0.1,,,,,,,,,,,,,,,,,,,,,,,,,,,,,,,,,,,,
0.36,1.53,0.0,-0.17,,,,,,,,,,,,,,,,,,,,,,,,,,,,,,,,,,,,
0.38,1.53,-0.01,-0.27,,,,,,,,,,,,,,,,,,,,,,,,,,,,,,,,,,,,
0.4,1.53,-0.02,-0.32,,,,,,,,,,,,,,,,,,,,,,,,,,,,,,,,,,,,
0.42,1.53,-0.02,-0.3,,,,,,,,,,,,,,,,,,,,,,,,,,,,,,,,,,,,
0.44,1.53,-0.03,0.35,,,,,,,,,,,,,,,,,,,,,,,,,,,,,,,,,,,,
0.46,1.53,-0.03,1.2,,,,,,,,,,,,,,,,,,,,,,,,,,,,,,,,,,,,
0.48,1.53,0.03,0.91,,,,,,,,,,,,,,,,,,,,,,,,,,,,,,,,,,,,
0.5,1.53,0.06,-0.8,,,,,,,,,,,,,,,,,,,,,,,,,,,,,,,,,,,,
0.52,1.54,-0.01,-3.32,,,,,,,,,,,,,,,,,,,,,,,,,,,,,,,,,,,,
0.54,1.53,-0.08,-5.5,,,,,,,,,,,,,,,,,,,,,,,,,,,,,,,,,,,,
0.56,1.53,-0.22,-9.0,,,,,,,,,,,,,,,,,,,,,,,,,,,,,,,,,,,,
0.58,1.53,-0.39,-12.25,,,,,,,,,,,,,,,,,,,,,,,,,,,,,,,,,,,,
0.6,1.51,-0.78,-12.85,,,,,,,,,,,,,,,,,,,,,,,,,,,,,,,,,,,,
0.62,1.5,-0.99,-11.3,,,,,,,,,,,,,,,,,,,,,,,,,,,,,,,,,,,,
0.64,1.46,-1.16,-10.51,,,,,,,,,,,,,,,,,,,,,,,,,,,,,,,,,,,,
0.66,1.46,-1.37,-12.11,,,,,,,,,,,,,,,,,,,,,,,,,,,,,,,,,,,,
0.68,1.41,-1.67,-10.34,,,,,,,,,,,,,,,,,,,,,,,,,,,,,,,,,,,,
0.7,1.39,-1.94,-6.1,,,,,,,,,,,,,,,,,,,,,,,,,,,,,,,,,,,,
0.72,1.34,-1.83,-3.95,,,,,,,,,,,,,,,,,,,,,,,,,,,,,,,,,,,,
0.74,1.3,-1.94,-6.19,,,,,,,,,,,,,,,,,,,,,,,,,,,,,,,,,,,,
0.76,1.28,-2.14,-8.52,,,,,,,,,,,,,,,,,,,,,,,,,,,,,,,,,,,,
0.78,1.22,-2.37,-5.91,,,,,,,,,,,,,,,,,,,,,,,,,,,,,,,,,,,,
0.8,1.17,-2.42,-2.52,,,,,,,,,,,,,,,,,,,,,,,,,,,,,,,,,,,,
0.82,1.13,-2.37,-1.49,,,,,,,,,,,,,,,,,,,,,,,,,,,,,,,,,,,,
0.84,1.08,-2.45,-2.74,,,,,,,,,,,,,,,,,,,,,,,,,,,,,,,,,,,,
0.86,1.03,-2.52,-3.9,,,,,,,,,,,,,,,,,,,,,,,,,,,,,,,,,,,,
0.88,0.98,-2.59,-4.08,,,,,,,,,,,,,,,,,,,,,,,,,,,,,,,,,,,,
0.9,0.92,-2.69,-3.94,,,,,,,,,,,,,,,,,,,,,,,,,,,,,,,,,,,,
0.92,0.87,-2.77,-3.38,,,,,,,,,,,,,,,,,,,,,,,,,,,,,,,,,,,,
0.94,0.81,-2.82,-2.88,,,,,,,,,,,,,,,,,,,,,,,,,,,,,,,,,,,,
0.96,0.76,-2.87,-2.9,,,,,,,,,,,,,,,,,,,,,,,,,,,,,,,,,,,,
0.98,0.7,-2.94,-3.0,,,,,,,,,,,,,,,,,,,,,,,,,,,,,,,,,,,,
1.0,0.64,-3.0,-2.68,,,,,,,,,,,,,,,,,,,,,,,,,,,,,,,,,,,,
1.02,0.58,-3.05,-2.49,,,,,,,,,,,,,,,,,,,,,,,,,,,,,,,,,,,,
1.04,0.51,-3.08,-3.02,,,,,,,,,,,,,,,,,,,,,,,,,,,,,,,,,,,,
1.06,0.45,-3.15,-3.93,,,,,,,,,,,,,,,,,,,,,,,,,,,,,,,,,,,,
1.08,0.39,-3.26,-6.05,,,,,,,,,,,,,,,,,,,,,,,,,,,,,,,,,,,,
1.1,0.32,-3.34,163.69,,,,,,,,,,,,,,,,,,,,,,,,,,,,,,,,,,,,
1.12,0.26,-3.62,539.57,,,,,,,,,,,,,,,,,,,,,,,,,,,,,,,,,,,,
,,,,0.0,1.45,,,,,,,,,,,,,,,,,,,,,,,,,,,,,,,,,,
,,,,0.02,1.47,1.07,,,,,,,,,,,,,,,,,,,,,,,,,,,,,,,,,
,,,,0.04,1.49,0.54,-24.02,,,,,,,,,,,,,,,,,,,,,,,,,,,,,,,,
,,,,0.06,1.49,0.1,-18.97,,,,,,,,,,,,,,,,,,,,,,,,,,,,,,,,
,,,,0.08,1.49,-0.24,-13.14,,,,,,,,,,,,,,,,,,,,,,,,,,,,,,,,
,,,,0.1,1.48,-0.43,-6.57,,,,,,,,,,,,,,,,,,,,,,,,,,,,,,,,
,,,,0.12,1.47,-0.5,-0.26,,,,,,,,,,,,,,,,,,,,,,,,,,,,,,,,
,,,,0.14,1.46,-0.42,4.31,,,,,,,,,,,,,,,,,,,,,,,,,,,,,,,,
,,,,0.16,1.45,-0.28,6.03,,,,,,,,,,,,,,,,,,,,,,,,,,,,,,,,
,,,,0.18,1.45,-0.14,4.83,,,,,,,,,,,,,,,,,,,,,,,,,,,,,,,,
,,,,0.2,1.45,-0.07,2.55,,,,,,,,,,,,,,,,,,,,,,,,,,,,,,,,
,,,,0.22,1.45,-0.06,1.14,,,,,,,,,,,,,,,,,,,,,,,,,,,,,,,,
,,,,0.24,1.44,-0.05,1.14,,,,,,,,,,,,,,,,,,,,,,,,,,,,,,,,
,,,,0.26,1.44,-0.01,1.57,,,,,,,,,,,,,,,,,,,,,,,,,,,,,,,,
,,,,0.28,1.44,0.02,5.04,,,,,,,,,,,,,,,,,,,,,,,,,,,,,,,,
,,,,0.3,1.45,0.05,7.52,,,,,,,,,,,,,,,,,,,,,,,,,,,,,,,,
,,,,0.32,1.44,0.49,3.51,,,,,,,,,,,,,,,,,,,,,,,,,,,,,,,,
,,,,0.34,1.45,0.43,-6.83,,,,,,,,,,,,,,,,,,,,,,,,,,,,,,,,
,,,,0.36,1.5,0.07,-14.53,,,,,,,,,,,,,,,,,,,,,,,,,,,,,,,,
,,,,0.38,1.44,-0.35,-8.97,,,,,,,,,,,,,,,,,,,,,,,,,,,,,,,,
,,,,0.4,1.46,-0.48,1.16,,,,,,,,,,,,,,,,,,,,,,,,,,,,,,,,
,,,,0.42,1.45,-0.1,7.1,,,,,,,,,,,,,,,,,,,,,,,,,,,,,,,,
,,,,0.44,1.44,-0.04,3.36,,,,,,,,,,,,,,,,,,,,,,,,,,,,,,,,
,,,,0.46,1.45,0.07,-6.94,,,,,,,,,,,,,,,,,,,,,,,,,,,,,,,,
,,,,0.48,1.45,-0.24,-15.53,,,,,,,,,,,,,,,,,,,,,,,,,,,,,,,,
,,,,0.5,1.44,-0.73,-19.11,,,,,,,,,,,,,,,,,,,,,,,,,,,,,,,,
,,,,0.52,1.42,-1.11,-15.65,,,,,,,,,,,,,,,,,,,,,,,,,,,,,,,,
,,,,0.54,1.4,-1.36,-10.29,,,,,,,,,,,,,,,,,,,,,,,,,,,,,,,,
,,,,0.56,1.36,-1.49,-6.14,,,,,,,,,,,,,,,,,,,,,,,,,,,,,,,,
,,,,0.58,1.33,-1.58,-3.81,,,,,,,,,,,,,,,,,,,,,,,,,,,,,,,,
,,,,0.6,1.3,-1.62,-3.39,,,,,,,,,,,,,,,,,,,,,,,,,,,,,,,,
,,,,0.62,1.27,-1.69,-4.08,,,,,,,,,,,,,,,,,,,,,,,,,,,,,,,,
,,,,0.64,1.23,-1.79,-5.05,,,,,,,,,,,,,,,,,,,,,,,,,,,,,,,,
,,,,0.66,1.2,-1.9,-5.52,,,,,,,,,,,,,,,,,,,,,,,,,,,,,,,,
,,,,0.68,1.16,-2.01,-6.02,,,,,,,,,,,,,,,,,,,,,,,,,,,,,,,,
,,,,0.7,1.12,-2.13,-6.71,,,,,,,,,,,,,,,,,,,,,,,,,,,,,,,,
,,,,0.72,1.07,-2.29,-6.84,,,,,,,,,,,,,,,,,,,,,,,,,,,,,,,,
,,,,0.74,1.03,-2.44,-5.57,,,,,,,,,,,,,,,,,,,,,,,,,,,,,,,,
,,,,0.76,0.97,-2.53,-3.11,,,,,,,,,,,,,,,,,,,,,,,,,,,,,,,,
,,,,0.78,0.92,-2.56,-1.05,,,,,,,,,,,,,,,,,,,,,,,,,,,,,,,,
,,,,0.8,0.87,-2.54,-0.48,,,,,,,,,,,,,,,,,,,,,,,,,,,,,,,,
,,,,0.82,0.82,-2.55,-1.57,,,,,,,,,,,,,,,,,,,,,,,,,,,,,,,,
,,,,0.84,0.77,-2.59,-3.22,,,,,,,,,,,,,,,,,,,,,,,,,,,,,,,,
,,,,0.86,0.72,-2.69,-3.94,,,,,,,,,,,,,,,,,,,,,,,,,,,,,,,,
,,,,0.88,0.66,-2.78,-3.45,,,,,,,,,,,,,,,,,,,,,,,,,,,,,,,,
,,,,0.9,0.61,-2.83,-2.37,,,,,,,,,,,,,,,,,,,,,,,,,,,,,,,,
,,,,0.92,0.55,-2.87,-2.0,,,,,,,,,,,,,,,,,,,,,,,,,,,,,,,,
,,,,0.94,0.49,-2.9,-2.43,,,,,,,,,,,,,,,,,,,,,,,,,,,,,,,,
,,,,0.96,0.43,-2.96,-2.94,,,,,,,,,,,,,,,,,,,,,,,,,,,,,,,,
,,,,0.98,0.37,-3.03,-3.04,,,,,,,,,,,,,,,,,,,,,,,,,,,,,,,,
,,,,1.0,0.31,-3.09,2.59,,,,,,,,,,,,,,,,,,,,,,,,,,,,,,,,
,,,,1.02,0.25,-3.14,15.97,,,,,,,,,,,,,,,,,,,,,,,,,,,,,,,,
,,,,1.04,0.19,-2.54,138.31,,,,,,,,,,,,,,,,,,,,,,,,,,,,,,,,
,,,,1.06,0.12,-1.65,356.6,,,,,,,,,,,,,,,,,,,,,,,,,,,,,,,,
,,,,,,,,0.0,1.48,,,,,,,,,,,,,,,,,,,,,,,,,,,,,,
,,,,,,,,0.02,1.44,-0.26,,,,,,,,,,,,,,,,,,,,,,,,,,,,,
,,,,,,,,0.04,1.47,0.24,16.28,,,,,,,,,,,,,,,,,,,,,,,,,,,,
,,,,,,,,0.06,1.47,0.39,1.99,,,,,,,,,,,,,,,,,,,,,,,,,,,,
,,,,,,,,0.08,1.48,0.12,-3.96,,,,,,,,,,,,,,,,,,,,,,,,,,,,
,,,,,,,,0.1,1.48,0.1,-3.14,,,,,,,,,,,,,,,,,,,,,,,,,,,,
,,,,,,,,0.12,1.48,0.06,-0.56,,,,,,,,,,,,,,,,,,,,,,,,,,,,
,,,,,,,,0.14,1.48,0.08,-0.18,,,,,,,,,,,,,,,,,,,,,,,,,,,,
,,,,,,,,0.16,1.48,0.07,-0.48,,,,,,,,,,,,,,,,,,,,,,,,,,,,
,,,,,,,,0.18,1.48,0.06,-1.64,,,,,,,,,,,,,,,,,,,,,,,,,,,,
,,,,,,,,0.2,1.48,0.02,-2.71,,,,,,,,,,,,,,,,,,,,,,,,,,,,
,,,,,,,,0.22,1.48,-0.06,-2.87,,,,,,,,,,,,,,,,,,,,,,,,,,,,
,,,,,,,,0.24,1.48,-0.13,-1.53,,,,,,,,,,,,,,,,,,,,,,,,,,,,
,,,,,,,,0.26,1.48,-0.14,0.36,,,,,,,,,,,,,,,,,,,,,,,,,,,,
,,,,,,,,0.28,1.47,-0.09,1.33,,,,,,,,,,,,,,,,,,,,,,,,,,,,
,,,,,,,,0.3,1.47,-0.06,0.87,,,,,,,,,,,,,,,,,,,,,,,,,,,,
,,,,,,,,0.32,1.47,-0.05,-0.27,,,,,,,,,,,,,,,,,,,,,,,,,,,,
,,,,,,,,0.34,1.47,-0.08,-0.06,,,,,,,,,,,,,,,,,,,,,,,,,,,,
,,,,,,,,0.36,1.47,-0.1,2.34,,,,,,,,,,,,,,,,,,,,,,,,,,,,
,,,,,,,,0.38,1.47,-0.01,5.03,,,,,,,,,,,,,,,,,,,,,,,,,,,,
,,,,,,,,0.4,1.47,0.16,4.53,,,,,,,,,,,,,,,,,,,,,,,,,,,,
,,,,,,,,0.42,1.48,0.26,0.46,,,,,,,,,,,,,,,,,,,,,,,,,,,,
,,,,,,,,0.44,1.48,0.17,-3.67,,,,,,,,,,,,,,,,,,,,,,,,,,,,
,,,,,,,,0.46,1.48,0.04,-5.29,,,,,,,,,,,,,,,,,,,,,,,,,,,,
,,,,,,,,0.48,1.48,-0.06,-6.34,,,,,,,,,,,,,,,,,,,,,,,,,,,,
,,,,,,,,0.5,1.48,-0.15,-7.87,,,,,,,,,,,,,,,,,,,,,,,,,,,,
,,,,,,,,0.52,1.47,-0.4,-9.35,,,,,,,,,,,,,,,,,,,,,,,,,,,,
,,,,,,,,0.54,1.47,-0.56,-9.77,,,,,,,,,,,,,,,,,,,,,,,,,,,,
,,,,,,,,0.56,1.45,-0.77,-9.08,,,,,,,,,,,,,,,,,,,,,,,,,,,,
,,,,,,,,0.58,1.44,-0.96,-8.51,,,,,,,,,,,,,,,,,,,,,,,,,,,,
,,,,,,,,0.6,1.41,-1.1,-7.7,,,,,,,,,,,,,,,,,,,,,,,,,,,,
,,,,,,,,0.62,1.39,-1.25,-8.51,,,,,,,,,,,,,,,,,,,,,,,,,,,,
,,,,,,,,0.64,1.37,-1.4,-9.62,,,,,,,,,,,,,,,,,,,,,,,,,,,,
,,,,,,,,0.66,1.34,-1.68,-8.89,,,,,,,,,,,,,,,,,,,,,,,,,,,,
,,,,,,,,0.68,1.3,-1.82,-6.22,,,,,,,,,,,,,,,,,,,,,,,,,,,,
,,,,,,,,0.7,1.26,-1.89,-3.63,,,,,,,,,,,,,,,,,,,,,,,,,,,,
,,,,,,,,0.72,1.22,-1.93,-3.36,,,,,,,,,,,,,,,,,,,,,,,,,,,,
,,,,,,,,0.74,1.18,-2.01,-4.24,,,,,,,,,,,,,,,,,,,,,,,,,,,,
,,,,,,,,0.76,1.14,-2.11,-4.94,,,,,,,,,,,,,,,,,,,,,,,,,,,,
,,,,,,,,0.78,1.1,-2.22,-4.67,,,,,,,,,,,,,,,,,,,,,,,,,,,,
,,,,,,,,0.8,1.05,-2.31,-3.72,,,,,,,,,,,,,,,,,,,,,,,,,,,,
,,,,,,,,0.82,1.01,-2.37,-2.9,,,,,,,,,,,,,,,,,,,,,,,,,,,,
,,,,,,,,0.84,0.96,-2.41,-2.59,,,,,,,,,,,,,,,,,,,,,,,,,,,,
,,,,,,,,0.86,0.91,-2.47,-2.58,,,,,,,,,,,,,,,,,,,,,,,,,,,,
,,,,,,,,0.88,0.86,-2.52,-2.49,,,,,,,,,,,,,,,,,,,,,,,,,,,,
,,,,,,,,0.9,0.81,-2.57,-2.35,,,,,,,,,,,,,,,,,,,,,,,,,,,,
,,,,,,,,0.92,0.76,-2.61,-2.39,,,,,,,,,,,,,,,,,,,,,,,,,,,,
,,,,,,,,0.94,0.7,-2.66,-2.54,,,,,,,,,,,,,,,,,,,,,,,,,,,,
,,,,,,,,0.96,0.65,-2.71,-2.59,,,,,,,,,,,,,,,,,,,,,,,,,,,,
,,,,,,,,0.98,0.6,-2.77,-2.42,,,,,,,,,,,,,,,,,,,,,,,,,,,,
,,,,,,,,1.0,0.54,-2.81,-2.11,,,,,,,,,,,,,,,,,,,,,,,,,,,,
,,,,,,,,1.02,0.48,-2.85,-1.82,,,,,,,,,,,,,,,,,,,,,,,,,,,,
,,,,,,,,1.04,0.43,-2.88,-1.65,,,,,,,,,,,,,,,,,,,,,,,,,,,,
,,,,,,,,1.06,0.37,-2.92,-1.67,,,,,,,,,,,,,,,,,,,,,,,,,,,,
,,,,,,,,1.08,0.31,-2.95,0.05,,,,,,,,,,,,,,,,,,,,,,,,,,,,
,,,,,,,,1.1,0.25,-2.99,174.61,,,,,,,,,,,,,,,,,,,,,,,,,,,,
,,,,,,,,1.12,0.19,-2.8,548.8,,,,,,,,,,,,,,,,,,,,,,,,,,,,
,,,,,,,,,,,,0.0,1.54,,,,,,,,,,,,,,,,,,,,,,,,,,
,,,,,,,,,,,,0.02,1.54,-0.01,,,,,,,,,,,,,,,,,,,,,,,,,
,,,,,,,,,,,,0.04,1.54,-0.01,1.03,,,,,,,,,,,,,,,,,,,,,,,,
,,,,,,,,,,,,0.06,1.54,0.03,0.54,,,,,,,,,,,,,,,,,,,,,,,,
,,,,,,,,,,,,0.08,1.54,0.05,-0.82,,,,,,,,,,,,,,,,,,,,,,,,
,,,,,,,,,,,,0.1,1.54,0.0,-2.04,,,,,,,,,,,,,,,,,,,,,,,,
,,,,,,,,,,,,0.12,1.54,-0.07,-1.45,,,,,,,,,,,,,,,,,,,,,,,,
,,,,,,,,,,,,0.14,1.54,-0.09,0.17,,,,,,,,,,,,,,,,,,,,,,,,
,,,,,,,,,,,,0.16,1.54,-0.03,1.08,,,,,,,,,,,,,,,,,,,,,,,,
,,,,,,,,,,,,0.18,1.54,-0.02,1.03,,,,,,,,,,,,,,,,,,,,,,,,
,,,,,,,,,,,,0.2,1.54,-0.01,0.91,,,,,,,,,,,,,,,,,,,,,,,,
,,,,,,,,,,,,0.22,1.53,0.01,0.96,,,,,,,,,,,,,,,,,,,,,,,,
,,,,,,,,,,,,0.24,1.54,0.04,0.12,,,,,,,,,,,,,,,,,,,,,,,,
,,,,,,,,,,,,0.26,1.54,0.04,-1.13,,,,,,,,,,,,,,,,,,,,,,,,
,,,,,,,,,,,,0.28,1.54,-0.03,-1.55,,,,,,,,,,,,,,,,,,,,,,,,
,,,,,,,,,,,,0.3,1.54,-0.05,-0.75,,,,,,,,,,,,,,,,,,,,,,,,
,,,,,,,,,,,,0.32,1.53,-0.05,0.39,,,,,,,,,,,,,,,,,,,,,,,,
,,,,,,,,,,,,0.34,1.53,-0.03,0.98,,,,,,,,,,,,,,,,,,,,,,,,
,,,,,,,,,,,,0.36,1.53,-0.01,1.04,,,,,,,,,,,,,,,,,,,,,,,,
,,,,,,,,,,,,0.38,1.53,0.02,1.78,,,,,,,,,,,,,,,,,,,,,,,,
,,,,,,,,,,,,0.4,1.53,0.03,2.16,,,,,,,,,,,,,,,,,,,,,,,,
,,,,,,,,,,,,0.42,1.54,0.15,0.45,,,,,,,,,,,,,,,,,,,,,,,,
,,,,,,,,,,,,0.44,1.53,0.12,-2.48,,,,,,,,,,,,,,,,,,,,,,,,
,,,,,,,,,,,,0.46,1.55,-0.02,-4.45,,,,,,,,,,,,,,,,,,,,,,,,
,,,,,,,,,,,,0.48,1.53,-0.1,-3.53,,,,,,,,,,,,,,,,,,,,,,,,
,,,,,,,,,,,,0.5,1.54,-0.16,-3.82,,,,,,,,,,,,,,,,,,,,,,,,
,,,,,,,,,,,,0.52,1.54,-0.16,-6.47,,,,,,,,,,,,,,,,,,,,,,,,
,,,,,,,,,,,,0.54,1.53,-0.42,-9.37,,,,,,,,,,,,,,,,,,,,,,,,
,,,,,,,,,,,,0.56,1.52,-0.62,-10.65,,,,,,,,,,,,,,,,,,,,,,,,
,,,,,,,,,,,,0.58,1.5,-0.82,-9.69,,,,,,,,,,,,,,,,,,,,,,,,
,,,,,,,,,,,,0.6,1.49,-1.03,-8.73,,,,,,,,,,,,,,,,,,,,,,,,
,,,,,,,,,,,,0.62,1.46,-1.17,-7.33,,,,,,,,,,,,,,,,,,,,,,,,
,,,,,,,,,,,,0.64,1.44,-1.32,-5.99,,,,,,,,,,,,,,,,,,,,,,,,
,,,,,,,,,,,,0.66,1.41,-1.41,-4.81,,,,,,,,,,,,,,,,,,,,,,,,
,,,,,,,,,,,,0.68,1.38,-1.51,-3.22,,,,,,,,,,,,,,,,,,,,,,,,
,,,,,,,,,,,,0.7,1.35,-1.56,-2.83,,,,,,,,,,,,,,,,,,,,,,,,
,,,,,,,,,,,,0.72,1.32,-1.56,-5.0,,,,,,,,,,,,,,,,,,,,,,,,
,,,,,,,,,,,,0.74,1.29,-1.7,-8.5,,,,,,,,,,,,,,,,,,,,,,,,
,,,,,,,,,,,,0.76,1.26,-1.97,-9.29,,,,,,,,,,,,,,,,,,,,,,,,
,,,,,,,,,,,,0.78,1.21,-2.17,-5.64,,,,,,,,,,,,,,,,,,,,,,,,
,,,,,,,,,,,,0.8,1.16,-2.2,-1.5,,,,,,,,,,,,,,,,,,,,,,,,
,,,,,,,,,,,,0.82,1.12,-2.14,-0.36,,,,,,,,,,,,,,,,,,,,,,,,
,,,,,,,,,,,,0.84,1.08,-2.18,-1.77,,,,,,,,,,,,,,,,,,,,,,,,
,,,,,,,,,,,,0.86,1.03,-2.24,-3.12,,,,,,,,,,,,,,,,,,,,,,,,
,,,,,,,,,,,,0.88,0.99,-2.32,-2.88,,,,,,,,,,,,,,,,,,,,,,,,
,,,,,,,,,,,,0.9,0.94,-2.38,-2.05,,,,,,,,,,,,,,,,,,,,,,,,
,,,,,,,,,,,,0.92,0.89,-2.39,-1.88,,,,,,,,,,,,,,,,,,,,,,,,
,,,,,,,,,,,,0.94,0.84,-2.42,-2.64,,,,,,,,,,,,,,,,,,,,,,,,
,,,,,,,,,,,,0.96,0.8,-2.5,-3.06,,,,,,,,,,,,,,,,,,,,,,,,
,,,,,,,,,,,,0.98,0.74,-2.58,-2.32,,,,,,,,,,,,,,,,,,,,,,,,
,,,,,,,,,,,,1.0,0.69,-2.59,-1.74,,,,,,,,,,,,,,,,,,,,,,,,
,,,,,,,,,,,,1.02,0.64,-2.6,-2.08,,,,,,,,,,,,,,,,,,,,,,,,
,,,,,,,,,,,,1.04,0.59,-2.69,-2.34,,,,,,,,,,,,,,,,,,,,,,,,
,,,,,,,,,,,,1.06,0.53,-2.74,-1.46,,,,,,,,,,,,,,,,,,,,,,,,
,,,,,,,,,,,,1.08,0.48,-2.74,-0.55,,,,,,,,,,,,,,,,,,,,,,,,
,,,,,,,,,,,,1.1,0.43,-2.72,-0.87,,,,,,,,,,,,,,,,,,,,,,,,
,,,,,,,,,,,,1.12,0.37,-2.76,-1.98,,,,,,,,,,,,,,,,,,,,,,,,
,,,,,,,,,,,,1.14,0.31,-2.82,0.06,,,,,,,,,,,,,,,,,,,,,,,,
,,,,,,,,,,,,1.16,0.26,-2.88,8.08,,,,,,,,,,,,,,,,,,,,,,,,
,,,,,,,,,,,,1.18,0.2,-2.6,240.02,,,,,,,,,,,,,,,,,,,,,,,,
,,,,,,,,,,,,1.2,0.14,-2.02,521.47,,,,,,,,,,,,,,,,,,,,,,,,
,,,,,,,,,,,,,,,,0.0,1.53,,,,,,,,,,,,,,,,,,,,,,
,,,,,,,,,,,,,,,,0.02,1.53,0.0,,,,,,,,,,,,,,,,,,,,,
,,,,,,,,,,,,,,,,0.04,1.53,-0.01,-0.36,,,,,,,,,,,,,,,,,,,,
,,,,,,,,,,,,,,,,0.06,1.53,-0.01,-0.15,,,,,,,,,,,,,,,,,,,,
,,,,,,,,,,,,,,,,0.08,1.53,-0.01,-0.07,,,,,,,,,,,,,,,,,,,,
,,,,,,,,,,,,,,,,0.1,1.53,-0.01,-0.09,,,,,,,,,,,,,,,,,,,,
,,,,,,,,,,,,,,,,0.12,1.53,-0.02,-0.09,,,,,,,,,,,,,,,,,,,,
,,,,,,,,,,,,,,,,0.14,1.53,-0.02,-0.02,,,,,,,,,,,,,,,,,,,,
,,,,,,,,,,,,,,,,0.16,1.53,-0.02,0.07,,,,,,,,,,,,,,,,,,,,
,,,,,,,,,,,,,,,,0.18,1.53,-0.01,0.13,,,,,,,,,,,,,,,,,,,,
,,,,,,,,,,,,,,,,0.2,1.53,-0.01,0.14,,,,,,,,,,,,,,,,,,,,
,,,,,,,,,,,,,,,,0.22,1.53,-0.01,0.11,,,,,,,,,,,,,,,,,,,,
,,,,,,,,,,,,,,,,0.24,1.52,-0.01,0.09,,,,,,,,,,,,,,,,,,,,
,,,,,,,,,,,,,,,,0.26,1.52,0.0,0.06,,,,,,,,,,,,,,,,,,,,
,,,,,,,,,,,,,,,,0.28,1.52,0.0,-0.02,,,,,,,,,,,,,,,,,,,,
,,,,,,,,,,,,,,,,0.3,1.52,0.0,-0.27,,,,,,,,,,,,,,,,,,,,
,,,,,,,,,,,,,,,,0.32,1.52,-0.01,-0.63,,,,,,,,,,,,,,,,,,,,
,,,,,,,,,,,,,,,,0.34,1.52,-0.03,-1.29,,,,,,,,,,,,,,,,,,,,
,,,,,,,,,,,,,,,,0.36,1.52,-0.05,-1.79,,,,,,,,,,,,,,,,,,,,
,,,,,,,,,,,,,,,,0.38,1.52,-0.12,-1.47,,,,,,,,,,,,,,,,,,,,
,,,,,,,,,,,,,,,,0.4,1.52,-0.14,-1.09,,,,,,,,,,,,,,,,,,,,
,,,,,,,,,,,,,,,,0.42,1.51,-0.12,-2.94,,,,,,,,,,,,,,,,,,,,
,,,,,,,,,,,,,,,,0.44,1.52,-0.18,-8.15,,,,,,,,,,,,,,,,,,,,
,,,,,,,,,,,,,,,,0.46,1.51,-0.43,-13.18,,,,,,,,,,,,,,,,,,,,
,,,,,,,,,,,,,,,,0.48,1.5,-0.81,-13.9,,,,,,,,,,,,,,,,,,,,
,,,,,,,,,,,,,,,,0.5,1.48,-1.07,-10.24,,,,,,,,,,,,,,,,,,,,
,,,,,,,,,,,,,,,,0.52,1.45,-1.2,-6.4,,,,,,,,,,,,,,,,,,,,
,,,,,,,,,,,,,,,,0.54,1.43,-1.26,-5.25,,,,,,,,,,,,,,,,,,,,
,,,,,,,,,,,,,,,,0.56,1.4,-1.38,-5.4,,,,,,,,,,,,,,,,,,,,
,,,,,,,,,,,,,,,,0.58,1.38,-1.52,-4.74,,,,,,,,,,,,,,,,,,,,
,,,,,,,,,,,,,,,,0.6,1.34,-1.59,-3.22,,,,,,,,,,,,,,,,,,,,
,,,,,,,,,,,,,,,,0.62,1.31,-1.62,-2.69,,,,,,,,,,,,,,,,,,,,
,,,,,,,,,,,,,,,,0.64,1.28,-1.67,-3.6,,,,,,,,,,,,,,,,,,,,
,,,,,,,,,,,,,,,,0.66,1.24,-1.77,-4.63,,,,,,,,,,,,,,,,,,,,
,,,,,,,,,,,,,,,,0.68,1.21,-1.88,-4.87,,,,,,,,,,,,,,,,,,,,
,,,,,,,,,,,,,,,,0.7,1.17,-1.96,-4.51,,,,,,,,,,,,,,,,,,,,
,,,,,,,,,,,,,,,,0.72,1.13,-2.06,-4.01,,,,,,,,,,,,,,,,,,,,
,,,,,,,,,,,,,,,,0.74,1.09,-2.13,-3.29,,,,,,,,,,,,,,,,,,,,
,,,,,,,,,,,,,,,,0.76,1.04,-2.19,-2.38,,,,,,,,,,,,,,,,,,,,
,,,,,,,,,,,,,,,,0.78,1.0,-2.22,-1.82,,,,,,,,,,,,,,,,,,,,
,,,,,,,,,,,,,,,,0.8,0.95,-2.25,-1.78,,,,,,,,,,,,,,,,,,,,
,,,,,,,,,,,,,,,,0.82,0.91,-2.29,-2.04,,,,,,,,,,,,,,,,,,,,
,,,,,,,,,,,,,,,,0.84,0.86,-2.34,-2.21,,,,,,,,,,,,,,,,,,,,
,,,,,,,,,,,,,,,,0.86,0.82,-2.38,-2.08,,,,,,,,,,,,,,,,,,,,
,,,,,,,,,,,,,,,,0.88,0.77,-2.43,-1.92,,,,,,,,,,,,,,,,,,,,
,,,,,,,,,,,,,,,,0.9,0.72,-2.45,-2.04,,,,,,,,,,,,,,,,,,,,
,,,,,,,,,,,,,,,,0.92,0.67,-2.5,-2.31,,,,,,,,,,,,,,,,,,,,
,,,,,,,,,,,,,,,,0.94,0.62,-2.56,-2.2,,,,,,,,,,,,,,,,,,,,
,,,,,,,,,,,,,,,,0.96,0.57,-2.6,-1.44,,,,,,,,,,,,,,,,,,,,
,,,,,,,,,,,,,,,,0.98,0.51,-2.62,-0.89,,,,,,,,,,,,,,,,,,,,
,,,,,,,,,,,,,,,,1.0,0.46,-2.61,-1.15,,,,,,,,,,,,,,,,,,,,
,,,,,,,,,,,,,,,,1.02,0.41,-2.65,-1.92,,,,,,,,,,,,,,,,,,,,
,,,,,,,,,,,,,,,,1.04,0.36,-2.7,-2.59,,,,,,,,,,,,,,,,,,,,
,,,,,,,,,,,,,,,,1.06,0.3,-2.75,-1.47,,,,,,,,,,,,,,,,,,,,
,,,,,,,,,,,,,,,,1.08,0.25,-2.82,172.68,,,,,,,,,,,,,,,,,,,,
,,,,,,,,,,,,,,,,1.1,0.19,-2.71,549.32,,,,,,,,,,,,,,,,,,,,
,,,,,,,,,,,,,,,,,,,,0.0,1.49,,,,,,,,,,,,,,,,,,
,,,,,,,,,,,,,,,,,,,,0.02,1.48,0.33,,,,,,,,,,,,,,,,,
,,,,,,,,,,,,,,,,,,,,0.04,1.5,0.25,-4.76,,,,,,,,,,,,,,,,
,,,,,,,,,,,,,,,,,,,,0.06,1.5,0.14,-5.67,,,,,,,,,,,,,,,,
,,,,,,,,,,,,,,,,,,,,0.08,1.5,-0.02,-5.23,,,,,,,,,,,,,,,,
,,,,,,,,,,,,,,,,,,,,0.1,1.5,-0.08,-3.81,,,,,,,,,,,,,,,,
,,,,,,,,,,,,,,,,,,,,0.12,1.5,-0.16,-1.57,,,,,,,,,,,,,,,,
,,,,,,,,,,,,,,,,,,,,0.14,1.49,-0.18,1.41,,,,,,,,,,,,,,,,
,,,,,,,,,,,,,,,,,,,,0.16,1.49,-0.11,4.39,,,,,,,,,,,,,,,,
,,,,,,,,,,,,,,,,,,,,0.18,1.49,0.04,4.84,,,,,,,,,,,,,,,,
,,,,,,,,,,,,,,,,,,,,0.2,1.49,0.15,2.14,,,,,,,,,,,,,,,,
,,,,,,,,,,,,,,,,,,,,0.22,1.5,0.14,-1.32,,,,,,,,,,,,,,,,
,,,,,,,,,,,,,,,,,,,,0.24,1.5,0.05,-3.08,,,,,,,,,,,,,,,,
,,,,,,,,,,,,,,,,,,,,0.26,1.5,-0.01,-3.61,,,,,,,,,,,,,,,,
,,,,,,,,,,,,,,,,,,,,0.28,1.5,-0.07,-3.28,,,,,,,,,,,,,,,,
,,,,,,,,,,,,,,,,,,,,0.3,1.5,-0.18,-1.36,,,,,,,,,,,,,,,,
,,,,,,,,,,,,,,,,,,,,0.32,1.49,-0.18,1.88,,,,,,,,,,,,,,,,
,,,,,,,,,,,,,,,,,,,,0.34,1.48,-0.06,3.41,,,,,,,,,,,,,,,,
,,,,,,,,,,,,,,,,,,,,0.36,1.49,0.04,1.76,,,,,,,,,,,,,,,,
,,,,,,,,,,,,,,,,,,,,0.38,1.49,0.01,-0.55,,,,,,,,,,,,,,,,
,,,,,,,,,,,,,,,,,,,,0.4,1.49,-0.04,-1.07,,,,,,,,,,,,,,,,
,,,,,,,,,,,,,,,,,,,,0.42,1.49,-0.05,-0.06,,,,,,,,,,,,,,,,
,,,,,,,,,,,,,,,,,,,,0.44,1.49,-0.03,1.09,,,,,,,,,,,,,,,,
,,,,,,,,,,,,,,,,,,,,0.46,1.48,-0.01,1.34,,,,,,,,,,,,,,,,
,,,,,,,,,,,,,,,,,,,,0.48,1.49,0.05,-0.43,,,,,,,,,,,,,,,,
,,,,,,,,,,,,,,,,,,,,0.5,1.49,0.03,-5.39,,,,,,,,,,,,,,,,
,,,,,,,,,,,,,,,,,,,,0.52,1.49,-0.12,-12.81,,,,,,,,,,,,,,,,
,,,,,,,,,,,,,,,,,,,,0.54,1.48,-0.48,-17.83,,,,,,,,,,,,,,,,
,,,,,,,,,,,,,,,,,,,,0.56,1.48,-0.97,-17.11,,,,,,,,,,,,,,,,
,,,,,,,,,,,,,,,,,,,,0.58,1.44,-1.26,-11.36,,,,,,,,,,,,,,,,
,,,,,,,,,,,,,,,,,,,,0.6,1.41,-1.4,-5.95,,,,,,,,,,,,,,,,
,,,,,,,,,,,,,,,,,,,,0.62,1.39,-1.42,-3.39,,,,,,,,,,,,,,,,
,,,,,,,,,,,,,,,,,,,,0.64,1.36,-1.52,-1.97,,,,,,,,,,,,,,,,
,,,,,,,,,,,,,,,,,,,,0.66,1.33,-1.54,-1.61,,,,,,,,,,,,,,,,
,,,,,,,,,,,,,,,,,,,,0.68,1.3,-1.52,-2.14,,,,,,,,,,,,,,,,
,,,,,,,,,,,,,,,,,,,,0.7,1.27,-1.62,-3.61,,,,,,,,,,,,,,,,
,,,,,,,,,,,,,,,,,,,,0.72,1.23,-1.7,-4.22,,,,,,,,,,,,,,,,
,,,,,,,,,,,,,,,,,,,,0.74,1.2,-1.79,-3.71,,,,,,,,,,,,,,,,
,,,,,,,,,,,,,,,,,,,,0.76,1.16,-1.85,-3.44,,,,,,,,,,,,,,,,
,,,,,,,,,,,,,,,,,,,,0.78,1.12,-1.91,-3.1,,,,,,,,,,,,,,,,
,,,,,,,,,,,,,,,,,,,,0.8,1.08,-1.99,-2.86,,,,,,,,,,,,,,,,
,,,,,,,,,,,,,,,,,,,,0.82,1.05,-2.03,-2.73,,,,,,,,,,,,,,,,
,,,,,,,,,,,,,,,,,,,,0.84,1.0,-2.09,-2.27,,,,,,,,,,,,,,,,
,,,,,,,,,,,,,,,,,,,,0.86,0.96,-2.14,-1.62,,,,,,,,,,,,,,,,
,,,,,,,,,,,,,,,,,,,,0.88,0.92,-2.14,-1.1,,,,,,,,,,,,,,,,
,,,,,,,,,,,,,,,,,,,,0.9,0.87,-2.16,-1.4,,,,,,,,,,,,,,,,
,,,,,,,,,,,,,,,,,,,,0.92,0.83,-2.2,-2.26,,,,,,,,,,,,,,,,
,,,,,,,,,,,,,,,,,,,,0.94,0.79,-2.26,-2.61,,,,,,,,,,,,,,,,
,,,,,,,,,,,,,,,,,,,,0.96,0.74,-2.32,-2.31,,,,,,,,,,,,,,,,
,,,,,,,,,,,,,,,,,,,,0.98,0.69,-2.35,-1.44,,,,,,,,,,,,,,,,
,,,,,,,,,,,,,,,,,,,,1.0,0.65,-2.38,-0.74,,,,,,,,,,,,,,,,
,,,,,,,,,,,,,,,,,,,,1.02,0.6,-2.37,-0.85,,,,,,,,,,,,,,,,
,,,,,,,,,,,,,,,,,,,,1.04,0.55,-2.39,-1.44,,,,,,,,,,,,,,,,
,,,,,,,,,,,,,,,,,,,,1.06,0.51,-2.44,-1.8,,,,,,,,,,,,,,,,
,,,,,,,,,,,,,,,,,,,,1.08,0.45,-2.48,-1.39,,,,,,,,,,,,,,,,
,,,,,,,,,,,,,,,,,,,,1.1,0.4,-2.5,-0.89,,,,,,,,,,,,,,,,
,,,,,,,,,,,,,,,,,,,,1.12,0.35,-2.5,-0.84,,,,,,,,,,,,,,,,
,,,,,,,,,,,,,,,,,,,,1.14,0.3,-2.53,0.65,,,,,,,,,,,,,,,,
,,,,,,,,,,,,,,,,,,,,1.16,0.25,-2.55,5.7,,,,,,,,,,,,,,,,
,,,,,,,,,,,,,,,,,,,,1.18,0.2,-2.37,208.92,,,,,,,,,,,,,,,,
,,,,,,,,,,,,,,,,,,,,1.2,0.15,-1.98,513.41,,,,,,,,,,,,,,,,
,,,,,,,,,,,,,,,,,,,,,,,,0.0,1.41,,,,,,,,,,,,,,
,,,,,,,,,,,,,,,,,,,,,,,,0.02,1.41,0.08,,,,,,,,,,,,,
,,,,,,,,,,,,,,,,,,,,,,,,0.04,1.41,0.03,-1.78,,,,,,,,,,,,
,,,,,,,,,,,,,,,,,,,,,,,,0.06,1.41,0.0,-0.78,,,,,,,,,,,,
,,,,,,,,,,,,,,,,,,,,,,,,0.08,1.41,0.0,0.06,,,,,,,,,,,,
,,,,,,,,,,,,,,,,,,,,,,,,0.1,1.41,0.01,0.94,,,,,,,,,,,,
,,,,,,,,,,,,,,,,,,,,,,,,0.12,1.41,0.03,1.52,,,,,,,,,,,,
,,,,,,,,,,,,,,,,,,,,,,,,0.14,1.41,0.09,0.47,,,,,,,,,,,,
,,,,,,,,,,,,,,,,,,,,,,,,0.16,1.41,0.11,-2.13,,,,,,,,,,,,
,,,,,,,,,,,,,,,,,,,,,,,,0.18,1.42,-0.01,-2.69,,,,,,,,,,,,
,,,,,,,,,,,,,,,,,,,,,,,,0.2,1.41,-0.13,-0.18,,,,,,,,,,,,
,,,,,,,,,,,,,,,,,,,,,,,,0.22,1.41,0.0,2.79,,,,,,,,,,,,
,,,,,,,,,,,,,,,,,,,,,,,,0.24,1.41,0.07,1.59,,,,,,,,,,,,
,,,,,,,,,,,,,,,,,,,,,,,,0.26,1.43,0.12,-2.78,,,,,,,,,,,,
,,,,,,,,,,,,,,,,,,,,,,,,0.28,1.4,-0.06,-5.92,,,,,,,,,,,,
,,,,,,,,,,,,,,,,,,,,,,,,0.3,1.42,-0.2,-8.42,,,,,,,,,,,,
,,,,,,,,,,,,,,,,,,,,,,,,0.32,1.4,-0.32,-9.32,,,,,,,,,,,,
,,,,,,,,,,,,,,,,,,,,,,,,0.34,1.4,-0.63,-9.76,,,,,,,,,,,,
,,,,,,,,,,,,,,,,,,,,,,,,0.36,1.39,-0.75,-8.83,,,,,,,,,,,,
,,,,,,,,,,,,,,,,,,,,,,,,0.38,1.37,-0.94,-7.55,,,,,,,,,,,,
,,,,,,,,,,,,,,,,,,,,,,,,0.4,1.35,-1.07,-6.76,,,,,,,,,,,,
,,,,,,,,,,,,,,,,,,,,,,,,0.42,1.33,-1.22,-4.67,,,,,,,,,,,,
,,,,,,,,,,,,,,,,,,,,,,,,0.44,1.3,-1.28,-3.54,,,,,,,,,,,,
,,,,,,,,,,,,,,,,,,,,,,,,0.46,1.27,-1.29,-4.35,,,,,,,,,,,,
,,,,,,,,,,,,,,,,,,,,,,,,0.48,1.25,-1.42,-5.8,,,,,,,,,,,,
,,,,,,,,,,,,,,,,,,,,,,,,0.5,1.22,-1.6,-5.01,,,,,,,,,,,,
,,,,,,,,,,,,,,,,,,,,,,,,0.52,1.18,-1.67,-2.2,,,,,,,,,,,,
,,,,,,,,,,,,,,,,,,,,,,,,0.54,1.15,-1.64,-0.53,,,,,,,,,,,,
,,,,,,,,,,,,,,,,,,,,,,,,0.56,1.12,-1.64,-0.98,,,,,,,,,,,,
,,,,,,,,,,,,,,,,,,,,,,,,0.58,1.08,-1.69,-1.96,,,,,,,,,,,,
,,,,,,,,,,,,,,,,,,,,,,,,0.6,1.05,-1.74,-2.48,,,,,,,,,,,,
,,,,,,,,,,,,,,,,,,,,,,,,0.62,1.02,-1.78,-2.78,,,,,,,,,,,,
,,,,,,,,,,,,,,,,,,,,,,,,0.64,0.98,-1.85,-3.07,,,,,,,,,,,,
,,,,,,,,,,,,,,,,,,,,,,,,0.66,0.94,-1.92,-2.89,,,,,,,,,,,,
,,,,,,,,,,,,,,,,,,,,,,,,0.68,0.9,-1.97,-1.72,,,,,,,,,,,,
,,,,,,,,,,,,,,,,,,,,,,,,0.7,0.86,-2.0,-0.4,,,,,,,,,,,,
,,,,,,,,,,,,,,,,,,,,,,,,0.72,0.82,-1.97,-0.08,,,,,,,,,,,,
,,,,,,,,,,,,,,,,,,,,,,,,0.74,0.78,-1.97,-1.32,,,,,,,,,,,,
,,,,,,,,,,,,,,,,,,,,,,,,0.76,0.75,-2.01,-2.85,,,,,,,,,,,,
,,,,,,,,,,,,,,,,,,,,,,,,0.78,0.7,-2.11,-2.81,,,,,,,,,,,,
,,,,,,,,,,,,,,,,,,,,,,,,0.8,0.66,-2.16,-1.17,,,,,,,,,,,,
,,,,,,,,,,,,,,,,,,,,,,,,0.82,0.61,-2.15,0.4,,,,,,,,,,,,
,,,,,,,,,,,,,,,,,,,,,,,,0.84,0.57,-2.11,0.25,,,,,,,,,,,,
,,,,,,,,,,,,,,,,,,,,,,,,0.86,0.53,-2.12,-0.93,,,,,,,,,,,,
,,,,,,,,,,,,,,,,,,,,,,,,0.88,0.49,-2.17,-1.75,,,,,,,,,,,,
,,,,,,,,,,,,,,,,,,,,,,,,0.9,0.44,-2.21,-1.47,,,,,,,,,,,,
,,,,,,,,,,,,,,,,,,,,,,,,0.92,0.4,-2.23,-0.78,,,,,,,,,,,,
,,,,,,,,,,,,,,,,,,,,,,,,0.94,0.36,-2.23,-0.43,,,,,,,,,,,,
,,,,,,,,,,,,,,,,,,,,,,,,0.96,0.31,-2.24,-0.56,,,,,,,,,,,,
,,,,,,,,,,,,,,,,,,,,,,,,0.98,0.27,-2.25,1.87,,,,,,,,,,,,
,,,,,,,,,,,,,,,,,,,,,,,,1.0,0.22,-2.28,10.74,,,,,,,,,,,,
,,,,,,,,,,,,,,,,,,,,,,,,1.02,0.17,-1.97,22.88,,,,,,,,,,,,
,,,,,,,,,,,,,,,,,,,,,,,,1.04,0.13,-1.24,120.97,,,,,,,,,,,,
,,,,,,,,,,,,,,,,,,,,,,,,1.06,0.12,-0.55,295.24,,,,,,,,,,,,
,,,,,,,,,,,,,,,,,,,,,,,,,,,,0.0,1.45,,,,,,,,,,
,,,,,,,,,,,,,,,,,,,,,,,,,,,,0.02,1.45,-0.01,,,,,,,,,
,,,,,,,,,,,,,,,,,,,,,,,,,,,,0.04,1.45,0.0,0.3,,,,,,,,
,,,,,,,,,,,,,,,,,,,,,,,,,,,,0.06,1.45,0.01,0.09,,,,,,,,
,,,,,,,,,,,,,,,,,,,,,,,,,,,,0.08,1.45,0.0,-0.02,,,,,,,,
,,,,,,,,,,,,,,,,,,,,,,,,,,,,0.1,1.45,0.0,0.05,,,,,,,,
,,,,,,,,,,,,,,,,,,,,,,,,,,,,0.12,1.45,0.0,0.18,,,,,,,,
,,,,,,,,,,,,,,,,,,,,,,,,,,,,0.14,1.45,0.01,0.23,,,,,,,,
,,,,,,,,,,,,,,,,,,,,,,,,,,,,0.16,1.45,0.02,0.26,,,,,,,,
,,,,,,,,,,,,,,,,,,,,,,,,,,,,0.18,1.46,0.02,0.37,,,,,,,,
,,,,,,,,,,,,,,,,,,,,,,,,,,,,0.2,1.46,0.03,0.25,,,,,,,,
,,,,,,,,,,,,,,,,,,,,,,,,,,,,0.22,1.46,0.04,-0.43,,,,,,,,
,,,,,,,,,,,,,,,,,,,,,,,,,,,,0.24,1.46,0.02,-1.35,,,,,,,,
,,,,,,,,,,,,,,,,,,,,,,,,,,,,0.26,1.46,-0.03,-1.3,,,,,,,,
,,,,,,,,,,,,,,,,,,,,,,,,,,,,0.28,1.46,-0.06,-0.68,,,,,,,,
,,,,,,,,,,,,,,,,,,,,,,,,,,,,0.3,1.45,-0.03,-0.55,,,,,,,,
,,,,,,,,,,,,,,,,,,,,,,,,,,,,0.32,1.45,-0.06,-0.84,,,,,,,,
,,,,,,,,,,,,,,,,,,,,,,,,,,,,0.34,1.46,-0.1,-2.35,,,,,,,,
,,,,,,,,,,,,,,,,,,,,,,,,,,,,0.36,1.45,-0.09,-5.35,,,,,,,,
,,,,,,,,,,,,,,,,,,,,,,,,,,,,0.38,1.45,-0.27,-7.72,,,,,,,,
,,,,,,,,,,,,,,,,,,,,,,,,,,,,0.4,1.45,-0.53,-6.31,,,,,,,,
,,,,,,,,,,,,,,,,,,,,,,,,,,,,0.42,1.42,-0.59,-1.01,,,,,,,,
,,,,,,,,,,,,,,,,,,,,,,,,,,,,0.44,1.41,-0.53,2.61,,,,,,,,
,,,,,,,,,,,,,,,,,,,,,,,,,,,,0.46,1.42,-0.39,3.26,,,,,,,,
,,,,,,,,,,,,,,,,,,,,,,,,,,,,0.48,1.39,-0.42,2.57,,,,,,,,
,,,,,,,,,,,,,,,,,,,,,,,,,,,,0.5,1.4,-0.32,-0.65,,,,,,,,
,,,,,,,,,,,,,,,,,,,,,,,,,,,,0.52,1.38,-0.3,-6.07,,,,,,,,
,,,,,,,,,,,,,,,,,,,,,,,,,,,,0.54,1.39,-0.59,-11.26,,,,,,,,
,,,,,,,,,,,,,,,,,,,,,,,,,,,,0.56,1.36,-0.87,-11.04,,,,,,,,
,,,,,,,,,,,,,,,,,,,,,,,,,,,,0.58,1.34,-1.09,-6.62,,,,,,,,
,,,,,,,,,,,,,,,,,,,,,,,,,,,,0.6,1.32,-1.12,-3.07,,,,,,,,
,,,,,,,,,,,,,,,,,,,,,,,,,,,,0.62,1.3,-1.14,-2.21,,,,,,,,
,,,,,,,,,,,,,,,,,,,,,,,,,,,,0.64,1.27,-1.19,-3.21,,,,,,,,
,,,,,,,,,,,,,,,,,,,,,,,,,,,,0.66,1.25,-1.28,-3.71,,,,,,,,
,,,,,,,,,,,,,,,,,,,,,,,,,,,,0.68,1.22,-1.36,-3.08,,,,,,,,
,,,,,,,,,,,,,,,,,,,,,,,,,,,,0.7,1.2,-1.42,-2.25,,,,,,,,
,,,,,,,,,,,,,,,,,,,,,,,,,,,,0.72,1.17,-1.43,-2.09,,,,,,,,
,,,,,,,,,,,,,,,,,,,,,,,,,,,,0.74,1.14,-1.48,-2.23,,,,,,,,
,,,,,,,,,,,,,,,,,,,,,,,,,,,,0.76,1.11,-1.54,-1.92,,,,,,,,
,,,,,,,,,,,,,,,,,,,,,,,,,,,,0.78,1.08,-1.57,-0.97,,,,,,,,
,,,,,,,,,,,,,,,,,,,,,,,,,,,,0.8,1.04,-1.57,-0.48,,,,,,,,
,,,,,,,,,,,,,,,,,,,,,,,,,,,,0.82,1.02,-1.57,-0.77,,,,,,,,
,,,,,,,,,,,,,,,,,,,,,,,,,,,,0.84,0.98,-1.6,-1.35,,,,,,,,
,,,,,,,,,,,,,,,,,,,,,,,,,,,,0.86,0.95,-1.64,-1.68,,,,,,,,
,,,,,,,,,,,,,,,,,,,,,,,,,,,,0.88,0.92,-1.67,-1.36,,,,,,,,
,,,,,,,,,,,,,,,,,,,,,,,,,,,,0.9,0.88,-1.7,-0.53,,,,,,,,
,,,,,,,,,,,,,,,,,,,,,,,,,,,,0.92,0.85,-1.7,0.21,,,,,,,,
,,,,,,,,,,,,,,,,,,,,,,,,,,,,0.94,0.82,-1.67,-0.1,,,,,,,,
,,,,,,,,,,,,,,,,,,,,,,,,,,,,0.96,0.78,-1.67,-1.57,,,,,,,,
,,,,,,,,,,,,,,,,,,,,,,,,,,,,0.98,0.75,-1.74,-3.02,,,,,,,,
,,,,,,,,,,,,,,,,,,,,,,,,,,,,1.0,0.71,-1.82,-2.87,,,,,,,,
,,,,,,,,,,,,,,,,,,,,,,,,,,,,1.02,0.67,-1.88,-1.18,,,,,,,,
,,,,,,,,,,,,,,,,,,,,,,,,,,,,1.04,0.64,-1.87,0.47,,,,,,,,
,,,,,,,,,,,,,,,,,,,,,,,,,,,,1.06,0.6,-1.83,0.9,,,,,,,,
,,,,,,,,,,,,,,,,,,,,,,,,,,,,1.08,0.56,-1.82,0.24,,,,,,,,
,,,,,,,,,,,,,,,,,,,,,,,,,,,,1.1,0.53,-1.83,-0.54,,,,,,,,
,,,,,,,,,,,,,,,,,,,,,,,,,,,,1.12,0.49,-1.85,-0.92,,,,,,,,
,,,,,,,,,,,,,,,,,,,,,,,,,,,,1.14,0.45,-1.87,-0.94,,,,,,,,
,,,,,,,,,,,,,,,,,,,,,,,,,,,,1.16,0.42,-1.89,-0.82,,,,,,,,
,,,,,,,,,,,,,,,,,,,,,,,,,,,,1.18,0.38,-1.9,-0.75,,,,,,,,
,,,,,,,,,,,,,,,,,,,,,,,,,,,,1.2,0.34,-1.91,-0.75,,,,,,,,
,,,,,,,,,,,,,,,,,,,,,,,,,,,,1.22,0.3,-1.93,-0.74,,,,,,,,
,,,,,,,,,,,,,,,,,,,,,,,,,,,,1.24,0.26,-1.95,0.68,,,,,,,,
,,,,,,,,,,,,,,,,,,,,,,,,,,,,1.26,0.22,-1.96,6.02,,,,,,,,
,,,,,,,,,,,,,,,,,,,,,,,,,,,,1.28,0.19,-1.81,15.57,,,,,,,,
,,,,,,,,,,,,,,,,,,,,,,,,,,,,1.3,0.15,-1.35,22.09,,,,,,,,
,,,,,,,,,,,,,,,,,,,,,,,,,,,,1.32,0.13,-0.69,276.28,,,,,,,,
,,,,,,,,,,,,,,,,,,,,,,,,,,,,1.34,0.12,-0.43,526.02,,,,,,,,
,,,,,,,,,,,,,,,,,,,,,,,,,,,,,,,,0.0,1.49,,,,,,
,,,,,,,,,,,,,,,,,,,,,,,,,,,,,,,,0.02,1.49,-0.03,,,,,
,,,,,,,,,,,,,,,,,,,,,,,,,,,,,,,,0.04,1.49,-0.02,0.72,,,,
,,,,,,,,,,,,,,,,,,,,,,,,,,,,,,,,0.06,1.48,0.0,0.48,,,,
,,,,,,,,,,,,,,,,,,,,,,,,,,,,,,,,0.08,1.49,0.01,-0.02,,,,
,,,,,,,,,,,,,,,,,,,,,,,,,,,,,,,,0.1,1.49,0.000847,-0.47,,,,
,,,,,,,,,,,,,,,,,,,,,,,,,,,,,,,,0.12,1.49,-0.02,-0.71,,,,
,,,,,,,,,,,,,,,,,,,,,,,,,,,,,,,,0.14,1.48,-0.02,-1.05,,,,
,,,,,,,,,,,,,,,,,,,,,,,,,,,,,,,,0.16,1.48,-0.05,-1.96,,,,
,,,,,,,,,,,,,,,,,,,,,,,,,,,,,,,,0.18,1.48,-0.1,-3.0,,,,
,,,,,,,,,,,,,,,,,,,,,,,,,,,,,,,,0.2,1.48,-0.18,-2.68,,,,
,,,,,,,,,,,,,,,,,,,,,,,,,,,,,,,,0.22,1.48,-0.25,-0.29,,,,
,,,,,,,,,,,,,,,,,,,,,,,,,,,,,,,,0.24,1.47,-0.22,3.32,,,,
,,,,,,,,,,,,,,,,,,,,,,,,,,,,,,,,0.26,1.46,-0.1,5.26,,,,
,,,,,,,,,,,,,,,,,,,,,,,,,,,,,,,,0.28,1.47,0.06,4.06,,,,
,,,,,,,,,,,,,,,,,,,,,,,,,,,,,,,,0.3,1.47,0.1,1.36,,,,
,,,,,,,,,,,,,,,,,,,,,,,,,,,,,,,,0.32,1.47,0.07,-0.17,,,,
,,,,,,,,,,,,,,,,,,,,,,,,,,,,,,,,0.34,1.47,0.06,-1.06,,,,
,,,,,,,,,,,,,,,,,,,,,,,,,,,,,,,,0.36,1.47,0.09,-4.84,,,,
,,,,,,,,,,,,,,,,,,,,,,,,,,,,,,,,0.38,1.47,-0.04,-7.08,,,,
,,,,,,,,,,,,,,,,,,,,,,,,,,,,,,,,0.4,1.48,-0.41,-4.73,,,,
,,,,,,,,,,,,,,,,,,,,,,,,,,,,,,,,0.42,1.46,-0.29,-1.84,,,,
,,,,,,,,,,,,,,,,,,,,,,,,,,,,,,,,0.44,1.44,-0.23,-5.61,,,,
,,,,,,,,,,,,,,,,,,,,,,,,,,,,,,,,0.46,1.48,-0.44,-14.59,,,,
,,,,,,,,,,,,,,,,,,,,,,,,,,,,,,,,0.48,1.43,-0.93,-15.86,,,,
,,,,,,,,,,,,,,,,,,,,,,,,,,,,,,,,0.5,1.41,-1.34,-8.67,,,,
,,,,,,,,,,,,,,,,,,,,,,,,,,,,,,,,0.52,1.39,-1.24,0.44,,,,
,,,,,,,,,,,,,,,,,,,,,,,,,,,,,,,,0.54,1.36,-1.18,4.59,,,,
,,,,,,,,,,,,,,,,,,,,,,,,,,,,,,,,0.56,1.34,-1.04,2.61,,,,
,,,,,,,,,,,,,,,,,,,,,,,,,,,,,,,,0.58,1.32,-0.99,-0.41,,,,
,,,,,,,,,,,,,,,,,,,,,,,,,,,,,,,,0.6,1.3,-1.12,-2.11,,,,
,,,,,,,,,,,,,,,,,,,,,,,,,,,,,,,,0.62,1.28,-1.15,-1.41,,,,
,,,,,,,,,,,,,,,,,,,,,,,,,,,,,,,,0.64,1.25,-1.13,-0.18,,,,
,,,,,,,,,,,,,,,,,,,,,,,,,,,,,,,,0.66,1.24,-1.15,-0.38,,,,
,,,,,,,,,,,,,,,,,,,,,,,,,,,,,,,,0.68,1.21,-1.14,-1.07,,,,
,,,,,,,,,,,,,,,,,,,,,,,,,,,,,,,,0.7,1.18,-1.18,-1.98,,,,
,,,,,,,,,,,,,,,,,,,,,,,,,,,,,,,,0.72,1.17,-1.22,-2.73,,,,
,,,,,,,,,,,,,,,,,,,,,,,,,,,,,,,,0.74,1.14,-1.3,-2.21,,,,
,,,,,,,,,,,,,,,,,,,,,,,,,,,,,,,,0.76,1.11,-1.35,-1.24,,,,
,,,,,,,,,,,,,,,,,,,,,,,,,,,,,,,,0.78,1.08,-1.32,-0.62,,,,
,,,,,,,,,,,,,,,,,,,,,,,,,,,,,,,,0.8,1.06,-1.35,-0.76,,,,
,,,,,,,,,,,,,,,,,,,,,,,,,,,,,,,,0.82,1.03,-1.37,-0.19,,,,
,,,,,,,,,,,,,,,,,,,,,,,,,,,,,,,,0.84,1.0,-1.39,1.04,,,,
,,,,,,,,,,,,,,,,,,,,,,,,,,,,,,,,0.86,0.97,-1.31,1.52,,,,
,,,,,,,,,,,,,,,,,,,,,,,,,,,,,,,,0.88,0.95,-1.29,0.29,,,,
,,,,,,,,,,,,,,,,,,,,,,,,,,,,,,,,0.9,0.93,-1.29,-2.19,,,,
,,,,,,,,,,,,,,,,,,,,,,,,,,,,,,,,0.92,0.89,-1.38,-3.68,,,,
,,,,,,,,,,,,,,,,,,,,,,,,,,,,,,,,0.94,0.88,-1.49,-2.74,,,,
,,,,,,,,,,,,,,,,,,,,,,,,,,,,,,,,0.96,0.84,-1.53,0.78,,,,
,,,,,,,,,,,,,,,,,,,,,,,,,,,,,,,,0.98,0.81,-1.46,2.88,,,,
,,,,,,,,,,,,,,,,,,,,,,,,,,,,,,,,1.0,0.78,-1.31,0.83,,,,
,,,,,,,,,,,,,,,,,,,,,,,,,,,,,,,,1.02,0.76,-1.36,-3.57,,,,
,,,,,,,,,,,,,,,,,,,,,,,,,,,,,,,,1.04,0.73,-1.53,-5.41,,,,
,,,,,,,,,,,,,,,,,,,,,,,,,,,,,,,,1.06,0.69,-1.67,-2.88,,,,
,,,,,,,,,,,,,,,,,,,,,,,,,,,,,,,,1.08,0.66,-1.65,0.91,,,,
,,,,,,,,,,,,,,,,,,,,,,,,,,,,,,,,1.1,0.63,-1.58,4.12,,,,
,,,,,,,,,,,,,,,,,,,,,,,,,,,,,,,,1.12,0.6,-1.5,4.82,,,,
,,,,,,,,,,,,,,,,,,,,,,,,,,,,,,,,1.14,0.57,-1.32,1.95,,,,
,,,,,,,,,,,,,,,,,,,,,,,,,,,,,,,,1.16,0.54,-1.34,-3.2,,,,
,,,,,,,,,,,,,,,,,,,,,,,,,,,,,,,,1.18,0.53,-1.52,-5.74,,,,
,,,,,,,,,,,,,,,,,,,,,,,,,,,,,,,,1.2,0.48,-1.69,-2.01,,,,
,,,,,,,,,,,,,,,,,,,,,,,,,,,,,,,,1.22,0.45,-1.66,3.71,,,,
,,,,,,,,,,,,,,,,,,,,,,,,,,,,,,,,1.24,0.41,-1.44,7.01,,,,
,,,,,,,,,,,,,,,,,,,,,,,,,,,,,,,,1.26,0.39,-1.32,6.4,,,,
,,,,,,,,,,,,,,,,,,,,,,,,,,,,,,,,1.28,0.36,-1.18,3.24,,,,
,,,,,,,,,,,,,,,,,,,,,,,,,,,,,,,,1.3,0.34,-1.15,0.0,,,,
,,,,,,,,,,,,,,,,,,,,,,,,,,,,,,,,1.32,0.32,-1.23,-1.56,,,,
,,,,,,,,,,,,,,,,,,,,,,,,,,,,,,,,1.34,0.29,-1.28,-0.92,,,,
,,,,,,,,,,,,,,,,,,,,,,,,,,,,,,,,1.36,0.26,-1.24,-1.0,,,,
,,,,,,,,,,,,,,,,,,,,,,,,,,,,,,,,1.38,0.25,-1.25,-3.14,,,,
,,,,,,,,,,,,,,,,,,,,,,,,,,,,,,,,1.4,0.22,-1.38,-3.85,,,,
,,,,,,,,,,,,,,,,,,,,,,,,,,,,,,,,1.42,0.19,-1.51,93.35,,,,
,,,,,,,,,,,,,,,,,,,,,,,,,,,,,,,,1.44,0.16,-1.44,288.64,,,,
,,,,,,,,,,,,,,,,,,,,,,,,,,,,,,,,,,,,0.0,1.45,,
,,,,,,,,,,,,,,,,,,,,,,,,,,,,,,,,,,,,0.02,1.45,-0.02,
,,,,,,,,,,,,,,,,,,,,,,,,,,,,,,,,,,,,0.04,1.45,0.09,4.88
,,,,,,,,,,,,,,,,,,,,,,,,,,,,,,,,,,,,0.06,1.45,0.18,1.9
,,,,,,,,,,,,,,,,,,,,,,,,,,,,,,,,,,,,0.08,1.46,0.19,-1.29
,,,,,,,,,,,,,,,,,,,,,,,,,,,,,,,,,,,,0.1,1.46,0.1,-3.39
,,,,,,,,,,,,,,,,,,,,,,,,,,,,,,,,,,,,0.12,1.46,0.0,-3.28
,,,,,,,,,,,,,,,,,,,,,,,,,,,,,,,,,,,,0.14,1.46,-0.04,-1.83
,,,,,,,,,,,,,,,,,,,,,,,,,,,,,,,,,,,,0.16,1.46,-0.06,-0.55
,,,,,,,,,,,,,,,,,,,,,,,,,,,,,,,,,,,,0.18,1.46,-0.06,0.01
,,,,,,,,,,,,,,,,,,,,,,,,,,,,,,,,,,,,0.2,1.46,-0.05,-0.04
,,,,,,,,,,,,,,,,,,,,,,,,,,,,,,,,,,,,0.22,1.46,-0.05,-0.7
,,,,,,,,,,,,,,,,,,,,,,,,,,,,,,,,,,,,0.24,1.46,-0.07,-2.08
,,,,,,,,,,,,,,,,,,,,,,,,,,,,,,,,,,,,0.26,1.45,-0.12,-3.22
,,,,,,,,,,,,,,,,,,,,,,,,,,,,,,,,,,,,0.28,1.45,-0.23,-3.11
,,,,,,,,,,,,,,,,,,,,,,,,,,,,,,,,,,,,0.3,1.45,-0.28,-1.01
,,,,,,,,,,,,,,,,,,,,,,,,,,,,,,,,,,,,0.32,1.44,-0.28,2.33
,,,,,,,,,,,,,,,,,,,,,,,,,,,,,,,,,,,,0.34,1.44,-0.18,5.03
,,,,,,,,,,,,,,,,,,,,,,,,,,,,,,,,,,,,0.36,1.43,-0.04,4.48
,,,,,,,,,,,,,,,,,,,,,,,,,,,,,,,,,,,,0.38,1.43,0.08,-0.23
,,,,,,,,,,,,,,,,,,,,,,,,,,,,,,,,,,,,0.4,1.43,-0.01,-5.09
,,,,,,,,,,,,,,,,,,,,,,,,,,,,,,,,,,,,0.42,1.44,-0.24,-7.32
,,,,,,,,,,,,,,,,,,,,,,,,,,,,,,,,,,,,0.44,1.42,-0.33,-7.23
,,,,,,,,,,,,,,,,,,,,,,,,,,,,,,,,,,,,0.46,1.42,-0.48,-7.41
,,,,,,,,,,,,,,,,,,,,,,,,,,,,,,,,,,,,0.48,1.42,-0.64,-6.41
,,,,,,,,,,,,,,,,,,,,,,,,,,,,,,,,,,,,0.5,1.39,-0.82,-2.55
,,,,,,,,,,,,,,,,,,,,,,,,,,,,,,,,,,,,0.52,1.38,-0.76,0.74
,,,,,,,,,,,,,,,,,,,,,,,,,,,,,,,,,,,,0.54,1.36,-0.67,1.35
,,,,,,,,,,,,,,,,,,,,,,,,,,,,,,,,,,,,0.56,1.35,-0.7,-0.13
,,,,,,,,,,,,,,,,,,,,,,,,,,,,,,,,,,,,0.58,1.33,-0.71,-0.86
,,,,,,,,,,,,,,,,,,,,,,,,,,,,,,,,,,,,0.6,1.32,-0.73,-0.81
,,,,,,,,,,,,,,,,,,,,,,,,,,,,,,,,,,,,0.62,1.3,-0.74,-1.02
,,,,,,,,,,,,,,,,,,,,,,,,,,,,,,,,,,,,0.64,1.29,-0.77,-1.29
,,,,,,,,,,,,,,,,,,,,,,,,,,,,,,,,,,,,0.66,1.27,-0.79,-1.6
,,,,,,,,,,,,,,,,,,,,,,,,,,,,,,,,,,,,0.68,1.26,-0.83,-1.6
,,,,,,,,,,,,,,,,,,,,,,,,,,,,,,,,,,,,0.7,1.24,-0.87,-0.86
,,,,,,,,,,,,,,,,,,,,,,,,,,,,,,,,,,,,0.72,1.22,-0.89,0.65
,,,,,,,,,,,,,,,,,,,,,,,,,,,,,,,,,,,,0.74,1.2,-0.84,1.95
,,,,,,,,,,,,,,,,,,,,,,,,,,,,,,,,,,,,0.76,1.19,-0.78,1.75
,,,,,,,,,,,,,,,,,,,,,,,,,,,,,,,,,,,,0.78,1.17,-0.74,0.01
,,,,,,,,,,,,,,,,,,,,,,,,,,,,,,,,,,,,0.8,1.16,-0.78,-2.07
,,,,,,,,,,,,,,,,,,,,,,,,,,,,,,,,,,,,0.82,1.14,-0.85,-3.1
,,,,,,,,,,,,,,,,,,,,,,,,,,,,,,,,,,,,0.84,1.12,-0.92,-2.86
,,,,,,,,,,,,,,,,,,,,,,,,,,,,,,,,,,,,0.86,1.11,-0.97,-1.81
,,,,,,,,,,,,,,,,,,,,,,,,,,,,,,,,,,,,0.88,1.08,-1.0,0.0
,,,,,,,,,,,,,,,,,,,,,,,,,,,,,,,,,,,,0.9,1.07,-0.99,1.54
,,,,,,,,,,,,,,,,,,,,,,,,,,,,,,,,,,,,0.92,1.05,-0.91,1.6
,,,,,,,,,,,,,,,,,,,,,,,,,,,,,,,,,,,,0.94,1.03,-0.88,-0.13
,,,,,,,,,,,,,,,,,,,,,,,,,,,,,,,,,,,,0.96,1.01,-0.92,-1.97
,,,,,,,,,,,,,,,,,,,,,,,,,,,,,,,,,,,,0.98,0.99,-0.99,-2.17
,,,,,,,,,,,,,,,,,,,,,,,,,,,,,,,,,,,,1.0,0.97,-1.03,-1.21
,,,,,,,,,,,,,,,,,,,,,,,,,,,,,,,,,,,,1.02,0.95,-1.03,-0.1
,,,,,,,,,,,,,,,,,,,,,,,,,,,,,,,,,,,,1.04,0.93,-1.03,0.59
,,,,,,,,,,,,,,,,,,,,,,,,,,,,,,,,,,,,1.06,0.91,-1.01,0.7
,,,,,,,,,,,,,,,,,,,,,,,,,,,,,,,,,,,,1.08,0.89,-0.98,0.6
,,,,,,,,,,,,,,,,,,,,,,,,,,,,,,,,,,,,1.1,0.87,-0.99,0.53
,,,,,,,,,,,,,,,,,,,,,,,,,,,,,,,,,,,,1.12,0.85,-0.97,0.57
,,,,,,,,,,,,,,,,,,,,,,,,,,,,,,,,,,,,1.14,0.83,-0.95,0.58
,,,,,,,,,,,,,,,,,,,,,,,,,,,,,,,,,,,,1.16,0.81,-0.95,0.1
,,,,,,,,,,,,,,,,,,,,,,,,,,,,,,,,,,,,1.18,0.79,-0.94,-0.81
,,,,,,,,,,,,,,,,,,,,,,,,,,,,,,,,,,,,1.2,0.77,-0.97,-1.91
,,,,,,,,,,,,,,,,,,,,,,,,,,,,,,,,,,,,1.22,0.76,-1.03,-2.36
,,,,,,,,,,,,,,,,,,,,,,,,,,,,,,,,,,,,1.24,0.73,-1.09,-1.35
,,,,,,,,,,,,,,,,,,,,,,,,,,,,,,,,,,,,1.26,0.71,-1.1,0.24
,,,,,,,,,,,,,,,,,,,,,,,,,,,,,,,,,,,,1.28,0.69,-1.06,1.02
,,,,,,,,,,,,,,,,,,,,,,,,,,,,,,,,,,,,1.3,0.67,-1.03,0.66
,,,,,,,,,,,,,,,,,,,,,,,,,,,,,,,,,,,,1.32,0.65,-1.04,0.02
,,,,,,,,,,,,,,,,,,,,,,,,,,,,,,,,,,,,1.34,0.63,-1.04,-0.18
,,,,,,,,,,,,,,,,,,,,,,,,,,,,,,,,,,,,1.36,0.61,-1.05,-0.13
,,,,,,,,,,,,,,,,,,,,,,,,,,,,,,,,,,,,1.38,0.59,-1.05,-0.13
,,,,,,,,,,,,,,,,,,,,,,,,,,,,,,,,,,,,1.4,0.57,-1.05,-0.33
,,,,,,,,,,,,,,,,,,,,,,,,,,,,,,,,,,,,1.42,0.54,-1.06,-0.6
,,,,,,,,,,,,,,,,,,,,,,,,,,,,,,,,,,,,1.44,0.52,-1.08,-0.63
,,,,,,,,,,,,,,,,,,,,,,,,,,,,,,,,,,,,1.46,0.5,-1.09,-0.27
,,,,,,,,,,,,,,,,,,,,,,,,,,,,,,,,,,,,1.48,0.48,-1.09,0.38
,,,,,,,,,,,,,,,,,,,,,,,,,,,,,,,,,,,,1.5,0.46,-1.08,0.97
,,,,,,,,,,,,,,,,,,,,,,,,,,,,,,,,,,,,1.52,0.44,-1.05,1.07
,,,,,,,,,,,,,,,,,,,,,,,,,,,,,,,,,,,,1.54,0.41,-1.02,0.48
,,,,,,,,,,,,,,,,,,,,,,,,,,,,,,,,,,,,1.56,0.4,-1.02,-0.48
,,,,,,,,,,,,,,,,,,,,,,,,,,,,,,,,,,,,1.58,0.38,-1.05,-1.1
,,,,,,,,,,,,,,,,,,,,,,,,,,,,,,,,,,,,1.6,0.35,-1.08,-1.17
,,,,,,,,,,,,,,,,,,,,,,,,,,,,,,,,,,,,1.62,0.33,-1.09,-0.83
,,,,,,,,,,,,,,,,,,,,,,,,,,,,,,,,,,,,1.64,0.31,-1.11,-0.25
,,,,,,,,,,,,,,,,,,,,,,,,,,,,,,,,,,,,1.66,0.29,-1.11,0.37
,,,,,,,,,,,,,,,,,,,,,,,,,,,,,,,,,,,,1.68,0.27,-1.09,0.66
,,,,,,,,,,,,,,,,,,,,,,,,,,,,,,,,,,,,1.7,0.24,-1.07,0.45
,,,,,,,,,,,,,,,,,,,,,,,,,,,,,,,,,,,,1.72,0.22,-1.07,0.04
,,,,,,,,,,,,,,,,,,,,,,,,,,,,,,,,,,,,1.74,0.2,-1.08,0.46
,,,,,,,,,,,,,,,,,,,,,,,,,,,,,,,,,,,,1.76,0.18,-1.08,3.2
,,,,,,,,,,,,,,,,,,,,,,,,,,,,,,,,,,,,1.78,0.16,-1.01,8.55
,,,,,,,,,,,,,,,,,,,,,,,,,,,,,,,,,,,,1.8,0.14,-0.76,13.6
,,,,,,,,,,,,,,,,,,,,,,,,,,,,,,,,,,,,1.82,0.12,-0.37,14.14
,,,,,,,,,,,,,,,,,,,,,,,,,,,,,,,,,,,,1.84,0.12,-0.08,100.47
,,,,,,,,,,,,,,,,,,,,,,,,,,,,,,,,,,,,1.86,0.13,0.02,276.23
,,,,,,,,,,,,,,,,,,,,,,,,,,,,,,,,,,,,1.88,0.12,10.91,363.52
,,,,,,,,,,,,,,,,,,,,,,,,,,,,,,,,,,,,1.9,0.12,21.78,89.87
,,,,,,,,,,,,,,,,,,,,,,,,,,,,,,,,,,,,1.92,1.43,21.77,
